1861|https://boardgamegeek.com/boardgame/10391
"""300"""|https://boardgamegeek.com/boardgame/22741/300
10 Days in Africa|https://boardgamegeek.com/boardgame/7865
10 Days in Asia|https://boardgamegeek.com/boardgame/22398
10 Days in Europe|https://boardgamegeek.com/boardgame/5867
10 Days in the Americas|https://boardgamegeek.com/boardgame/64956
10 Days in the USA|https://boardgamegeek.com/boardgame/7866
13 Days|https://boardgamegeek.com/boardgame/177590/13-days-cuban-missile-crisis
13 Minutes: The Cuban Missile Crisis|https://boardgamegeek.com/boardgame/203828/13-minutes-cuban-missile-crisis
1775: Rebellion|https://boardgamegeek.com/boardgame/128996
1800|https://boardgamegeek.com/boardgame/17132
1830: Railways & Robber Barons|https://boardgamegeek.com/boardgame/421
1844/1854|https://boardgamegeek.com/boardgame/183308
1846: The Race for the Midwest|https://boardgamegeek.com/boardgame/17405
1860: Railways on the Isle of Wight|https://boardgamegeek.com/boardgame/12750
1865: Sardinia|https://boardgamegeek.com/boardgame/87907
1886|https://boardgamegeek.com/boardgame/42660
1889: History of Shikoku Railways|https://boardgamegeek.com/boardgame/23540
1890|https://boardgamegeek.com/boardgame/38335
18Ireland|https://boardgamegeek.com/boardgame/196217
1989 Dawn of Freedom|https://boardgamegeek.com/boardgame/26997/1989-dawn-freedom
21 Fishing Game|none
5-minute Dungeon|https://boardgamegeek.com/boardgame/207830/5-minute-dungeon
51st State (toy vault Ed)|none
51st State Master Set|https://boardgamegeek.com/boardgame/192458/51st-state-master-set
6 Nimmt|https://boardgamegeek.com/boardgame/432/6-nimmt
7 Wonders|https://boardgamegeek.com/boardgame/68448/7-wonders
7 Wonders Duel|https://boardgamegeek.com/boardgame/173346/7-wonders-duel
7 Wonders Duel Pantheon|https://boardgamegeek.com/boardgame/202976/7-wonders-duel-pantheon
A Distant Plain|https://boardgamegeek.com/boardgame/127518
A Fistful of Penguins|https://boardgamegeek.com/boardgame/109451
A Game of Thrones: The Board Game (Second Edition)|https://boardgamegeek.com/boardgame/103343
A Game of Thrones: The Card Game (Second Edition)|https://boardgamegeek.com/boardgame/169255
A La Carte|https://boardgamegeek.com/boardgame/217/la-carte
A Touch of Evil: The Supernatural Game|https://boardgamegeek.com/boardgame/35815/touch-evil-supernatural-game
Above and Below|https://boardgamegeek.com/boardgame/172818/above-and-below
Abyss|https://boardgamegeek.com/boardgame/155987/abyss
Acquire|https://boardgamegeek.com/boardgame/5
Advance to Boardwalk|https://boardgamegeek.com/boardgame/334/advance-boardwalk
Advanced Squad Leader: Starter Kit #1|https://boardgamegeek.com/boardgame/9823
Aeon's End|https://boardgamegeek.com/boardgame/191189/aeons-end
Age of Industry|https://boardgamegeek.com/boardgame/65901
Age of Steam|https://boardgamegeek.com/boardgame/4098
Agents of SMERSH|https://boardgamegeek.com/boardgame/111105/agents-smersh
Aggravation|https://boardgamegeek.com/boardgame/2272/aggravation
Agility|https://boardgamegeek.com/boardgame/179933
Agricola|https://boardgamegeek.com/boardgame/31260/agricola
Agricola: All Creatures Big and Small|https://boardgamegeek.com/boardgame/119890
Airlines Europe|https://boardgamegeek.com/boardgame/90419
Akrotiri|https://boardgamegeek.com/boardgame/154458
Alchemists|https://boardgamegeek.com/boardgame/161970/alchemists
Alfredo's food fight|https://boardgamegeek.com/boardgame/20722/alfredos-food-fight
Alhambra|https://boardgamegeek.com/boardgame/6249/alhambra
Alhambra: Big Box|https://boardgamegeek.com/boardgame/45358
Alhambra: The Dice Game|https://boardgamegeek.com/boardgame/25491
Alien Frontiers|https://boardgamegeek.com/boardgame/48726/alien-frontiers
Amerigo|https://boardgamegeek.com/boardgame/137408/amerigo
Among the Stars|https://boardgamegeek.com/boardgame/110277/among-stars
Among the Stars: Revival|https://boardgamegeek.com/boardgame/170318
Anagrams|https://boardgamegeek.com/boardgame/3359/anagrams
Ancient Terrible Things|https://boardgamegeek.com/boardgame/137031/ancient-terrible-things
Andean Abyss|https://boardgamegeek.com/boardgame/91080
Android|https://boardgamegeek.com/boardgame/39339/android
Android: Infiltration|https://boardgamegeek.com/boardgame/118063
Animal Upon Animal|https://boardgamegeek.com/boardgame/17329
Another day another dollar: Kung fu|https://boardgamegeek.com/boardgame/2703/another-day-another-dollar-kung-fu
Antarctica|https://boardgamegeek.com/boardgame/182074
Anti-Monopoly|https://boardgamegeek.com/boardgame/1931
Anti-Monopoly II|https://boardgamegeek.com/boardgame/1932
Antiquity|https://boardgamegeek.com/boardgame/13122
Apples to Apples|https://boardgamegeek.com/boardgame/74/apples-apples
Apples to Apples Jr|https://boardgamegeek.com/boardgame/10681/apples-apples-junior
AquÃ¤dukt|https://boardgamegeek.com/boardgame/21641
Aquarius|https://boardgamegeek.com/boardgame/814
AquaSphere|https://boardgamegeek.com/boardgame/159508
Arboretum|https://boardgamegeek.com/boardgame/140934
Arcadia Quest|https://boardgamegeek.com/boardgame/155068/arcadia-quest
Archaeology: The Card Game|https://boardgamegeek.com/boardgame/31105
Archaeology: The New Expedition|https://boardgamegeek.com/boardgame/191300
Archer: Once You Go Blackmail...|https://boardgamegeek.com/boardgame/198522
Archipelago|https://boardgamegeek.com/boardgame/105551/archipelago
Area 1851|https://boardgamegeek.com/boardgame/126404
Arena Roma II|https://boardgamegeek.com/boardgame/56931/arena-roma-ii
Arkham Horror|https://boardgamegeek.com/boardgame/15987/arkham-horror
Arkham Horror Card Game|https://boardgamegeek.com/boardgame/205637/arkham-horror-card-game
Arkham Horror LCG|https://boardgamegeek.com/boardgame/205637/arkham-horror-card-game
Arkwright|https://boardgamegeek.com/boardgame/154825
Ascending Empires|https://boardgamegeek.com/boardgame/37919
Ascension X: War of Shadows|https://boardgamegeek.com/boardgame/200456/ascension-x-war-shadows
Ascension: Chronicle of the Godslayer|https://boardgamegeek.com/boardgame/69789
Ascension: Darkness Unleashed|https://boardgamegeek.com/boardgame/144864/ascension-darkness-unleashed
Ascension: Dawn of Champions|https://boardgamegeek.com/boardgame/172155/ascension-dawn-champions
Ascension: Dreamscape|https://boardgamegeek.com/boardgame/185123/ascension-dreamscape
Ascension: Immortal Heroes|https://boardgamegeek.com/boardgame/122294
Ascension: Realms Unraveled|https://boardgamegeek.com/boardgame/157026/ascension-realms-unraveled
Ascension: Return of the Fallen|https://boardgamegeek.com/boardgame/95064
Ascension: Rise of Vigil|https://boardgamegeek.com/boardgame/138233/ascension-rise-vigil
Ascension: Storm of Souls|https://boardgamegeek.com/boardgame/108784/ascension-storm-souls
Asgard|https://boardgamegeek.com/boardgame/131118/asgard
ASHES Rise of the Phoenixborn|https://boardgamegeek.com/boardgame/167400/ashes-rise-phoenixborn
At the Gates of Loyang|https://boardgamegeek.com/boardgame/39683/gates-loyang
Atari's Centipede|https://boardgamegeek.com/boardgame/223763
Ave Roma|https://boardgamegeek.com/boardgame/184459
Avenue|https://boardgamegeek.com/boardgame/205045/avenue
Axis & Allies|https://boardgamegeek.com/boardgame/98/axis-allies
Axis & Allies Air Force Miniatures: Angels 20|https://boardgamegeek.com/boardgame/121657
Axis & Allies Naval Miniatures: War at Sea|https://boardgamegeek.com/boardgame/25794
Axis & Allies: D-Day|https://boardgamegeek.com/boardgame/10081
Azul|https://boardgamegeek.com/boardgame/230802
B-17 Flying Fortress Leader|https://boardgamegeek.com/boardgame/188164
B-Sieged|https://boardgamegeek.com/boardgame/164865/b-sieged-sons-abyss
Babel|https://boardgamegeek.com/boardgame/986/babel
Bacon-Opoly|https://boardgamegeek.com/boardgame/167087
Bananagrams|https://boardgamegeek.com/boardgame/27225
Band of Brothers: Ghost Panzer|https://boardgamegeek.com/boardgame/129122
Band of Brothers: Screaming Eagles|https://boardgamegeek.com/boardgame/41429
BANG!|https://boardgamegeek.com/boardgame/3955
BANG! The Bullet!|https://boardgamegeek.com/boardgame/30933
BANG! The Dice Game|https://boardgamegeek.com/boardgame/143741
Bang! The Dice Game|https://boardgamegeek.com/boardgame/143741/bang-dice-game
Barcelona: The Rose of Fire|https://boardgamegeek.com/boardgame/205078
Bärenpark|https://boardgamegeek.com/boardgame/219513
Baseball Highlights: 2045|https://boardgamegeek.com/boardgame/151022
Basilica|https://boardgamegeek.com/boardgame/38931
Batik|https://boardgamegeek.com/boardgame/3706
Battle Cry|https://boardgamegeek.com/boardgame/551/battle-cry
Battle for Hill 218|https://boardgamegeek.com/boardgame/32484/battle-hill-218
Battle for Souls|https://boardgamegeek.com/boardgame/123160/battle-souls
Battle Line|https://boardgamegeek.com/boardgame/760
Battle Sheep|https://boardgamegeek.com/boardgame/54137/battle-sheep
BattleBall|https://boardgamegeek.com/boardgame/6795/battleball
BattleCON: Devastation of Indines|https://boardgamegeek.com/boardgame/123123/battlecon-devastation-indines
BattleCON: Fate of Indines|https://boardgamegeek.com/boardgame/162388
BattleCON: War of Indines|https://boardgamegeek.com/boardgame/89409
Battleground: Crossbows & Catapults War Chest Starter Set|https://boardgamegeek.com/boardgame/30328
BattleLore (Second Edition)|https://boardgamegeek.com/boardgame/146439
Battles of Westeros|https://boardgamegeek.com/boardgame/67492
Battleship|https://boardgamegeek.com/boardgame/2425/battleship
Battlestar Galactica: The Board Game|https://boardgamegeek.com/boardgame/37111
Battlestations|https://boardgamegeek.com/boardgame/12350
Bazaar|https://boardgamegeek.com/boardgame/287/bazaar
BEARS!|https://boardgamegeek.com/boardgame/99081/bears
Belfort|https://boardgamegeek.com/boardgame/50750/belfort
Betrayal at the House on the Hill|https://boardgamegeek.com/boardgame/10547/betrayal-house-hill
Beyond Balderdash|https://boardgamegeek.com/boardgame/1544/beyond-balderdash
Bezzerwizzer|https://boardgamegeek.com/boardgame/32441/bezzerwizzer
Biblios|https://boardgamegeek.com/boardgame/34219/biblios
Big Boggle|https://boardgamegeek.com/boardgame/10550
Bionicle: Quest for Makuta|https://boardgamegeek.com/boardgame/2979/bionicle-adventure-game-quest-makuta
BIOS: Genesis|https://boardgamegeek.com/boardgame/98918
BIOS: Megafauna|https://boardgamegeek.com/boardgame/221769
Black Orchestra|https://www.boardgamegeek.com/boardgame/156858/black-orchestra
Blades of Legend|https://boardgamegeek.com/boardgame/127258
Blink Card Game|https://boardgamegeek.com/boardgame/1197/blink
Blokus|https://boardgamegeek.com/boardgame/2453/blokus
Blokus 3D|https://boardgamegeek.com/boardgame/6411
Blokus Duo|https://boardgamegeek.com/boardgame/16395
Blokus Trigon|https://boardgamegeek.com/boardgame/21550
Blood Bowl: Team Manager – The Card Game|https://boardgamegeek.com/boardgame/90137
Blood Bowl: Team Manager TCG|https://boardgamegeek.com/boardgame/90137/blood-bowl-team-manager-card-game
Blood of an Englishman * traded away|https://boardgamegeek.com/boardgame/206504/blood-englishman
Bloodborne TCG|https://boardgamegeek.com/boardgame/195856/bloodborne-card-game
Blue Max: World War I Air Combat|https://boardgamegeek.com/boardgame/158982
Blue Moon Legends|https://boardgamegeek.com/boardgame/147154
Blueprints|https://boardgamegeek.com/boardgame/140933
Boggle Jr.|https://boardgamegeek.com/boardgame/13508
Bohn To Be Wild!|https://boardgamegeek.com/boardgame/128412
Bohnanza|https://boardgamegeek.com/boardgame/11
Bohnanza: The Duel|https://boardgamegeek.com/boardgame/205867
Bombay|https://boardgamegeek.com/boardgame/40214
BOO|https://boardgamegeek.com/boardgame/195373/boo
bOOLeO|https://boardgamegeek.com/boardgame/40943
boom-o|https://boardgamegeek.com/boardgame/1333/boom-o
Boss Monster|https://boardgamegeek.com/boardgame/131835/boss-monster-dungeon-building-card-game
Boss Monster 2: The Next Level|https://boardgamegeek.com/boardgame/174973
Boss Monster: The Dungeon Building Card Game|https://boardgamegeek.com/boardgame/131835
Bountytown|https://boardgamegeek.com/boardgame/178487
BOX|https://boardgamegeek.com/boardgame/195455/box
Brass Lancashire|https://boardgamegeek.com/boardgame/28720/brass-lancashire
Break the Safe|https://boardgamegeek.com/boardgame/7824/break-safe
Brew Crafters: The Travel Card Game|https://boardgamegeek.com/boardgame/154905
Brides & Bribes|https://boardgamegeek.com/boardgame/188343
Bridge Troll|https://boardgamegeek.com/boardgame/40235
Briefcase|https://boardgamegeek.com/boardgame/88016/briefcase
Bring Out Yer Dead|https://boardgamegeek.com/boardgame/158534
Bruges|https://boardgamegeek.com/boardgame/136888/bruges
Bruxelles 1893|https://boardgamegeek.com/boardgame/144592
Buccaneer Bones|https://boardgamegeek.com/boardgame/147790
Bullfrogs|https://boardgamegeek.com/boardgame/149853/bullfrogs
Bunny Bunny Moose Moose|https://boardgamegeek.com/boardgame/59149
Burano|https://boardgamegeek.com/boardgame/181260
BUS|https://boardgamegeek.com/boardgame/164159/bus
Cacao|https://boardgamegeek.com/boardgame/171499
Caesar & Cleopatra |https://boardgamegeek.com/boardgame/132/caesar-cleopatra
Campaign Trail|https://boardgamegeek.com/boardgame/129294
Can’t Stop|https://boardgamegeek.com/boardgame/41/cant-stop
Can’t Stop Express|https://boardgamegeek.com/boardgame/217547/cant-stop-express
canasta|https://boardgamegeek.com/boardgame/17104/canasta
Canasta Caliente|https://boardgamegeek.com/boardgame/1445
Candy Land|https://boardgamegeek.com/boardgame/5048/candy-land
Car Wars|https://boardgamegeek.com/boardgame/2795
Carcassonne|https://boardgamegeek.com/boardgame/822/carcassonne
Carcassonne Big Box 5|https://boardgamegeek.com/boardgame/164127/carcassonne-big-box-5
Carcassonne The Castle|https://boardgamegeek.com/boardgame/7717/carcassonne-castle
Carcassonne: Amazonas|https://boardgamegeek.com/boardgame/206940
Carcassonne: The City|https://boardgamegeek.com/boardgame/12902
Carcassonne: The Dice Game|https://boardgamegeek.com/boardgame/89953
Cardline: Globetrotter|https://boardgamegeek.com/boardgame/145014
Carnival Zombie|https://boardgamegeek.com/boardgame/140343/carnival-zombie
Cartagena|https://boardgamegeek.com/boardgame/826
Cartoon Network Fluxx|https://boardgamegeek.com/boardgame/160814
Castellion|https://boardgamegeek.com/boardgame/143404/castellion
Castle Panic|https://boardgamegeek.com/boardgame/43443
Castles of Burgundy |https://boardgamegeek.com/boardgame/84876/castles-burgundy
Castles of Burgundy Dice Game|https://boardgamegeek.com/boardgame/232988/castles-burgundy-dice-game
Castles of Burgundy Card Game|https://boardgamegeek.com/boardgame/191977/castles-burgundy-card-game
Castles of Mad King Ludwig|https://boardgamegeek.com/boardgame/155426
Cat in the Hat I Can Do That!|https://boardgamegeek.com/boardgame/32849/cat-hat-i-can-do
Cat Tower|https://boardgamegeek.com/boardgame/150485/cat-tower
Catacombs (third edition)|https://boardgamegeek.com/boardgame/195137
Catan|https://boardgamegeek.com/boardgame/13
Catan Card Game|https://boardgamegeek.com/boardgame/278/catan-card-game
Cathedral|https://boardgamegeek.com/boardgame/7
Cave Troll|https://boardgamegeek.com/boardgame/4491/cave-troll
Caverna|https://boardgamegeek.com/boardgame/102794/caverna-cave-farmers
Caverna: Cave vs. Cave|https://boardgamegeek.com/boardgame/220520/caverna-cave-vs-cave
Caverna: The Cave Farmers|https://boardgamegeek.com/boardgame/102794
Caylus|https://boardgamegeek.com/boardgame/18602/caylus
Century Golem Edition|https://boardgamegeek.com/boardgame/232832/century-golem-edition
Century: Spice Road|https://boardgamegeek.com/boardgame/209685
ChÃ¢teau Roquefort|https://boardgamegeek.com/boardgame/28089
Chameleon|https://boardgamegeek.com/boardgame/227072/chameleon
Champions of Midgard|https://boardgamegeek.com/boardgame/172287/champions-midgard
Championship Formula Racing|https://boardgamegeek.com/boardgame/156175
Chaos in the Old World|https://boardgamegeek.com/boardgame/43111/chaos-old-world
Charterstone|https://boardgamegeek.com/boardgame/197376
Cheaty Mages!|https://boardgamegeek.com/boardgame/38194/cheaty-mages
CHem-eO|https://boardgamegeek.com/boardgame/66850
Chemistry Fluxx|https://boardgamegeek.com/boardgame/220193
Chess|https://boardgamegeek.com/boardgame/171
Chicago Express|https://boardgamegeek.com/boardgame/31730
Chicken of the Sea|https://boardgamegeek.com/boardgame/11683
China Rails|https://boardgamegeek.com/boardgame/23919
Chinatown|https://boardgamegeek.com/boardgame/47
Chinese Chess|https://boardgamegeek.com/boardgame/5162
Chrononauts|https://boardgamegeek.com/boardgame/815
Circus Flohcati|https://boardgamegeek.com/boardgame/337/circus-flohcati
Citadels|https://boardgamegeek.com/boardgame/478
City of Iron (1st Ed)|https://boardgamegeek.com/boardgame/123499/city-iron
Claim It!|https://boardgamegeek.com/boardgame/26162
Clank!|https://boardgamegeek.com/boardgame/201808/clank-deck-building-adventure
Clash of Cultures|https://boardgamegeek.com/boardgame/40765
Classic Waterworks|https://boardgamegeek.com/boardgame/333
Claustrophobia|https://boardgamegeek.com/boardgame/36932/claustrophobia
Cleopatra and the Society of Architects|https://boardgamegeek.com/boardgame/22141
Click Clack Lumberjack|https://boardgamegeek.com/boardgame/39206
Cloud 9|https://boardgamegeek.com/boardgame/632
Clubs|https://boardgamegeek.com/boardgame/125924/clubs
Clue|https://boardgamegeek.com/boardgame/1294/clue
Clue Mysteries|https://boardgamegeek.com/boardgame/17517/clue-mysteries
CO₂|https://boardgamegeek.com/boardgame/72225
Coal Baron|https://boardgamegeek.com/boardgame/143515/coal-baron
Cockroach Poker|https://boardgamegeek.com/boardgame/11971/cockroach-poker
Codenames|https://boardgamegeek.com/boardgame/178900/codenames
Codenames Duet|https://boardgamegeek.com/boardgame/224037/codenames-duet
Codenames Pictures|https://boardgamegeek.com/boardgame/198773/codenames-pictures
Cold War: CIA vs KGB|https://boardgamegeek.com/boardgame/24742
Coloretto|https://boardgamegeek.com/boardgame/5782/coloretto
Colt Express|https://boardgamegeek.com/boardgame/158899
Combat Commander: Europe|https://boardgamegeek.com/boardgame/21050
Combat The Fighting Infantry Game Based on the abc Television Network Show|none
Commands & Colors: Ancients|https://boardgamegeek.com/boardgame/14105
Commands & Colors: Napoleonics|https://boardgamegeek.com/boardgame/62222
Compounded|https://boardgamegeek.com/boardgame/118174/compounded
Concept|https://boardgamegeek.com/boardgame/147151/concept
Concordia|https://boardgamegeek.com/boardgame/124361/concordia
Conflict of Heroes: Storms of Steel! – Kursk 1943|https://boardgamegeek.com/boardgame/38823
Connect Four|https://boardgamegeek.com/boardgame/2719/connect-four
Conspiracy|https://boardgamegeek.com/boardgame/697/conspiracy
Constantinopolis|https://boardgamegeek.com/boardgame/31483/constantinopolis
Contack|https://boardgamegeek.com/boardgame/3203/contack
Container|https://boardgamegeek.com/boardgame/26990
Core Worlds|https://boardgamegeek.com/boardgame/98351/core-worlds
Cosmic Encounter|https://boardgamegeek.com/boardgame/40529
Cottage Garden|https://boardgamegeek.com/boardgame/204027
Coup|https://boardgamegeek.com/boardgame/131357/coup
Court of the Medici|https://boardgamegeek.com/boardgame/37208
Cowpoker|https://boardgamegeek.com/boardgame/13284/cowpoker
Crab Stack|https://boardgamegeek.com/boardgame/172033/crab-stack
Crack the Case|https://boardgamegeek.com/boardgame/1254
Craftsmen|https://boardgamegeek.com/boardgame/145219
Cranium|https://boardgamegeek.com/boardgame/891/cranium
Cranium: Zigity|https://boardgamegeek.com/boardgame/11618/cranium-zigity
Crappy Birthday|https://boardgamegeek.com/boardgame/88402
Cribbage|https://boardgamegeek.com/boardgame/2398
criss cross poker|https://boardgamegeek.com/boardgame/26351/tripoley-criss-cross-poker
Crokinole|https://boardgamegeek.com/boardgame/521
Crossfire|https://boardgamegeek.com/boardgame/2816
Cthulhu Dice|https://boardgamegeek.com/boardgame/65611
Cthulhu Realms|https://boardgamegeek.com/boardgame/179303/cthulhu-realms
Cthulu Fluxx|https://boardgamegeek.com/boardgame/122159/cthulhu-fluxx
Cuba|https://boardgamegeek.com/boardgame/30380
Cuba Libre|https://boardgamegeek.com/boardgame/111799
Cube Quest|https://boardgamegeek.com/boardgame/137330
CV|https://boardgamegeek.com/boardgame/143986
Cyclades|https://boardgamegeek.com/boardgame/54998/cyclades
Cytosis: A Cell Biology Board Game|https://boardgamegeek.com/boardgame/202977/cytosis-cell-biology-board-game
D-Day at Omaha Beach|https://boardgamegeek.com/boardgame/29603
D-Day Dice|https://boardgamegeek.com/boardgame/101785
D6 Shooter|https://boardgamegeek.com/boardgame/181464/d6-shooter
Dancing Eggs|https://boardgamegeek.com/boardgame/8924/dancing-eggs
Dark Gothic|https://boardgamegeek.com/boardgame/146784/dark-gothic
"Dark, Darker, Darkest"|https://boardgamegeek.com/boardgame/59429/dark-darker-darkest
Darkest Night|https://boardgamegeek.com/boardgame/128445/darkest-night-first-edition
Dawn of the Zeds (Second edition)|https://boardgamegeek.com/boardgame/144568
Days of Ire: Budapest 1956|https://boardgamegeek.com/boardgame/192802/days-ire-budapest-1956
Daytona 500|https://boardgamegeek.com/boardgame/631
Dead Man’s Draw|https://boardgamegeek.com/boardgame/149155/dead-mans-draw
Dead of Winter: A Crossroads Game|https://boardgamegeek.com/boardgame/150376/dead-winter-crossroads-game
Deception Murder in Hong Kong|https://boardgamegeek.com/boardgame/156129/deception-murder-hong-kong
Decrypto|https://boardgamegeek.com/boardgame/225694
Defenders of the Realm|https://boardgamegeek.com/boardgame/65532/defenders-realm
Descent: Journeys in the Dark (Second Edition)|https://boardgamegeek.com/boardgame/104162
Desperados of Dice Town|https://boardgamegeek.com/boardgame/154600
Deus|https://boardgamegeek.com/boardgame/162082/deus
Diamant|https://boardgamegeek.com/boardgame/15512
Diamonds|https://boardgamegeek.com/boardgame/152162
Dice City|https://boardgamegeek.com/boardgame/179572/dice-city
Dice Forge|https://boardgamegeek.com/boardgame/194594/dice-forge
Dice Heist|https://boardgamegeek.com/boardgame/197455/dice-heist
Dice Stars|https://boardgamegeek.com/boardgame/193210/dice-stars
Dice Town|https://boardgamegeek.com/boardgame/40793
Dicey Peaks|https://boardgamegeek.com/boardgame/221198
Die Weinhandler|https://boardgamegeek.com/boardgame/12830/die-weinhandler
DIG|https://boardgamegeek.com/boardgame/103063/dig-card-game
Dilluvia Project|https://boardgamegeek.com/boardgame/139245
Dimension|https://boardgamegeek.com/boardgame/153318
Discount Salmon|https://boardgamegeek.com/boardgame/146597
Discoveries: The Journals of Lewis & Clark|https://boardgamegeek.com/boardgame/171669/discoveries
Dixit |https://boardgamegeek.com/boardgame/39856/dixit
Dixit Jinx|https://boardgamegeek.com/boardgame/119407/dixit-jinx
Dixit: Odyssey|https://boardgamegeek.com/boardgame/92828
Dominant Species|https://boardgamegeek.com/boardgame/62219
Dominant Species: The Card Game|https://boardgamegeek.com/boardgame/96260
Dominion|https://boardgamegeek.com/boardgame/36218/dominion
Dominion: Intrigue|https://boardgamegeek.com/boardgame/40834
Dominoes|https://boardgamegeek.com/boardgame/2394
Double Crossing|https://boardgamegeek.com/boardgame/1654/double-crossing
Dr. Eureka|https://boardgamegeek.com/boardgame/181345
Drag Strip!|https://boardgamegeek.com/boardgame/7473/drag-strip
Dragon Brew|https://boardgamegeek.com/boardgame/200280/dragon-brew
Dragon Slayer|https://boardgamegeek.com/boardgame/158243
Dragonscroll|https://boardgamegeek.com/boardgame/165404
Dresden Files Cooperative Card Game|https://boardgamegeek.com/boardgame/187273/dresden-files-cooperative-card-game
Duel of Ages II|https://boardgamegeek.com/boardgame/129459
Duke|https://boardgamegeek.com/boardgame/36235/duke
Dungeon Fighter|https://boardgamegeek.com/boardgame/102548
Dungeon Lords|https://boardgamegeek.com/boardgame/45315
Dungeon Petz|https://boardgamegeek.com/boardgame/97207/dungeon-petz
Dungeon Roll|https://boardgamegeek.com/boardgame/138788/dungeon-roll
DungeonQuest (third edition)|https://boardgamegeek.com/boardgame/71061
Dungeons and Dragons: Conquest of Nerath|https://boardgamegeek.com/boardgame/92044/dungeons-dragons-conquest-nerath-board-game
Dutch Blitz|https://boardgamegeek.com/boardgame/148203/dutch-blitz
Earth Reborn|https://boardgamegeek.com/boardgame/73171
Eclipse|https://boardgamegeek.com/boardgame/72125/eclipse
Edo|https://boardgamegeek.com/boardgame/113636/edo
Egizia|https://boardgamegeek.com/boardgame/58421
Eight Minute Empire Legends|https://boardgamegeek.com/boardgame/142326/eight-minute-empire-legends
Einstein: His Amazing Life and Incomparable Science|https://boardgamegeek.com/boardgame/205185
El Gaucho|https://boardgamegeek.com/boardgame/162823
Elder Sign|https://boardgamegeek.com/boardgame/100423/elder-sign
Eldritch Horror|https://boardgamegeek.com/boardgame/146021/eldritch-horror
Elk Fest|https://boardgamegeek.com/boardgame/403
Elysium|https://boardgamegeek.com/boardgame/163968/elysium
Eminent Domain|https://boardgamegeek.com/boardgame/68425
Eminent Domain: Battlecruisers|https://boardgamegeek.com/boardgame/163641
Eminent Domain: Microcosm|https://boardgamegeek.com/boardgame/163640
Empire Builder|https://boardgamegeek.com/boardgame/168
Endeavor|https://boardgamegeek.com/boardgame/33160
Epic Card Game|https://boardgamegeek.com/boardgame/175621
Epic TCG|https://boardgamegeek.com/boardgame/175621/epic-card-game
Escape from the Aliens in Outer Space|https://boardgamegeek.com/boardgame/82168/escape-aliens-outer-space
Escape: The Curse of the Temple|https://boardgamegeek.com/boardgame/113294
Escape: Zombie City|https://boardgamegeek.com/boardgame/149809
Euphoria: Build a Better Dystopia|https://boardgamegeek.com/boardgame/133848/euphoria-build-better-dystopia
Eurorails|https://boardgamegeek.com/boardgame/157
Evo|https://boardgamegeek.com/boardgame/1159/evo
Evolution the Beginning|https://boardgamegeek.com/boardgame/201248/evolution-beginning
Evolution: Climate|https://boardgamegeek.com/boardgame/182134
Exodus: Proxima Centauri|https://boardgamegeek.com/boardgame/122842
Expo 1906|https://boardgamegeek.com/boardgame/180193
Faces|https://boardgamegeek.com/boardgame/17705/faces
Fairy Tale|https://boardgamegeek.com/boardgame/13823
Falling|https://boardgamegeek.com/boardgame/75/falling
Falling Sky: The Gallic Revolt Against Caesar|https://boardgamegeek.com/boardgame/163154
Family Fluxx|https://boardgamegeek.com/boardgame/17816
Fancy Nancy Positively Perfect Parfait Game|https://boardgamegeek.com/boardgame/72113/fancy-nancy-positively-perfect-parfait-game
Fantastiqa Rucksack Edition|https://boardgamegeek.com/boardgame/125046/fantastiqa
Farmageddon|https://boardgamegeek.com/boardgame/102897
Fast Forward: FORTRESS|https://boardgamegeek.com/boardgame/231665
Fastrack|https://boardgamegeek.com/boardgame/41762
Fauna|https://boardgamegeek.com/boardgame/35497/fauna
Faux-cabulary|https://boardgamegeek.com/boardgame/89898/fauxcabulary
Felicity: The Cat in the Sack|https://boardgamegeek.com/boardgame/32125
Fief: France 1429|https://boardgamegeek.com/boardgame/152470
Fields of Arle|https://boardgamegeek.com/boardgame/159675
Fields of Fire|https://boardgamegeek.com/boardgame/22877
Fields of Green|https://boardgamegeek.com/boardgame/200954
Fighting Formations: Grossdeutschland Motorized Infantry Division|https://boardgamegeek.com/boardgame/39217
Finca|https://boardgamegeek.com/boardgame/40628
Fire in the Lake|https://boardgamegeek.com/boardgame/144189
Firefly Fluxx|https://boardgamegeek.com/boardgame/183896
Firefly: The Game|https://boardgamegeek.com/boardgame/138161
Firenze|https://boardgamegeek.com/boardgame/75449
First Class|https://boardgamegeek.com/boardgame/206941
Fish Eat Fish|https://boardgamegeek.com/boardgame/7538
Fish Stix|https://boardgamegeek.com/boardgame/54073/fish-stix
Five Crowns|https://boardgamegeek.com/boardgame/1472/five-crowns
Five Tribes|https://boardgamegeek.com/boardgame/157354/five-tribes
Fjords|https://boardgamegeek.com/boardgame/15511
Flamme Rouge|https://boardgamegeek.com/boardgame/199478
Flash Point: Fire Rescue|https://boardgamegeek.com/boardgame/100901
Flatline|https://boardgamegeek.com/boardgame/216597/flatline
Fleet|https://boardgamegeek.com/boardgame/121297/fleet
Flick’em Up Dead of Winter|https://boardgamegeek.com/boardgame/207016/flick-em-dead-winter
Flingin' Frogs|https://boardgamegeek.com/boardgame/128295/flingin-frogs
Flip City|https://boardgamegeek.com/boardgame/168679
Flip Ships|https://boardgamegeek.com/boardgame/223215/flip-ships
Florenza|https://boardgamegeek.com/boardgame/81640
Florenza TCG|https://boardgamegeek.com/boardgame/143484/florenza-card-game
Florenza: The Card Game|https://boardgamegeek.com/boardgame/143484
FlowerFall|https://boardgamegeek.com/boardgame/125315
Fluxx|https://boardgamegeek.com/boardgame/258
Food Chain Magnate|https://boardgamegeek.com/boardgame/175914
For Sale|https://boardgamegeek.com/boardgame/172/sale
For-Ex|https://boardgamegeek.com/boardgame/227605
Forbidden Desert|https://boardgamegeek.com/boardgame/136063/forbidden-desert
Forbidden Island |https://boardgamegeek.com/boardgame/65244/forbidden-island
Forbidden Stars|https://boardgamegeek.com/boardgame/175155/forbidden-stars
Forge War|https://boardgamegeek.com/boardgame/146221/forge-war
Forged in Steel|https://boardgamegeek.com/boardgame/32002
Formula D|https://boardgamegeek.com/boardgame/37904
Formula E|https://boardgamegeek.com/boardgame/135019
Fowl Play|https://boardgamegeek.com/boardgame/24051/fowl-play
Frag Gold Edition|https://boardgamegeek.com/boardgame/2025
Fresco|https://boardgamegeek.com/boardgame/66188/fresco
Fresco: Big Box|https://boardgamegeek.com/boardgame/139991
Friday|https://boardgamegeek.com/boardgame/43570/friday
Fun Farm|https://boardgamegeek.com/boardgame/145501/fun-farm
Fury of Dracula|https://boardgamegeek.com/boardgame/20963/fury-dracula-second-edition
Fury of Dracula 3rd Edition|https://boardgamegeek.com/boardgame/181279/fury-dracula-third-edition
FUSE|https://boardgamegeek.com/boardgame/171273
Galaxy Trucker|https://boardgamegeek.com/boardgame/31481/galaxy-trucker
Galaxy Trucker: Anniversary Edition|https://boardgamegeek.com/boardgame/140068
Game of 49|https://boardgamegeek.com/boardgame/159492/game-49
Game of the States|https://boardgamegeek.com/boardgame/2485/game-states
Gang of Four|https://boardgamegeek.com/boardgame/3085
Garden Dice|https://boardgamegeek.com/boardgame/109779/garden-dice
Gears of War|https://boardgamegeek.com/boardgame/42776/gears-war-board-game
Gene Pool|https://boardgamegeek.com/boardgame/23931
Get Bit!|https://boardgamegeek.com/boardgame/30539/get-bit
Get Lucky|https://boardgamegeek.com/boardgame/120447
Get the MacGuffin|https://boardgamegeek.com/boardgame/241245
Ghost Blitz|https://boardgamegeek.com/boardgame/83195/ghost-blitz
Ghost Stories|https://boardgamegeek.com/boardgame/37046/ghost-stories
Giant Spoons|https://boardgamegeek.com/boardgame/1692/spoons
Give Me The Brain|https://boardgamegeek.com/boardgame/176/give-me-brain
Give Me the Brain!|https://boardgamegeek.com/boardgame/176
Glass Road|https://boardgamegeek.com/boardgame/143693/glass-road
Glen More|https://boardgamegeek.com/boardgame/66362
Global Mogul|https://boardgamegeek.com/boardgame/143782
Gloomhaven|https://boardgamegeek.com/boardgame/174430
Glory To Rome|https://boardgamegeek.com/boardgame/19857/glory-rome
GO|https://boardgamegeek.com/boardgame/188/go
Go Bananas!|https://boardgamegeek.com/boardgame/7547/go-bananas
"Go Goblin, Go!"|https://boardgamegeek.com/boardgame/119109
Go Long!|https://boardgamegeek.com/boardgame/200923/go-long
Go Nuts!|https://boardgamegeek.com/boardgame/34375
Go to the Head of the Class|https://boardgamegeek.com/boardgame/4041
"Goblins drool, Fairies Rule!"|https://boardgamegeek.com/boardgame/124390/goblins-drool-fairies-rule
Golf Dice|https://boardgamegeek.com/boardgame/95073/golf-dice
Golo|https://boardgamegeek.com/boardgame/7270/golo
Good Cop Bad Cop|https://boardgamegeek.com/boardgame/153064/good-cop-bad-cop
Got It!|https://boardgamegeek.com/boardgame/74987
Grand Austria Hotel|https://boardgamegeek.com/boardgame/182874
Grand Prix|https://boardgamegeek.com/boardgame/163163
Gravwell|https://boardgamegeek.com/boardgame/142992/gravwell-escape-9th-dimension
Great Heartland Hauling Co.|https://boardgamegeek.com/boardgame/111417/great-heartland-hauling-co
Great Western Trail|https://boardgamegeek.com/boardgame/193738
Greed|https://boardgamegeek.com/boardgame/151247/greed
Grimoire Shuffle|https://boardgamegeek.com/boardgame/125547
Ground Floor|https://boardgamegeek.com/boardgame/38765
Guardians of Graxia|https://boardgamegeek.com/boardgame/69292
Guilds of London|https://boardgamegeek.com/boardgame/134157
Guillotine|https://boardgamegeek.com/boardgame/116/guillotine
Gunrunners|https://boardgamegeek.com/boardgame/119899
GYM|https://boardgamegeek.com/boardgame/192824/gym
Haggis|https://boardgamegeek.com/boardgame/37628/haggis
Haleakala|https://boardgamegeek.com/boardgame/177727
Hanabi|https://boardgamegeek.com/boardgame/98778/hanabi
Hansa|https://boardgamegeek.com/boardgame/8989
Happy Salmon|https://boardgamegeek.com/boardgame/194626
Harbour|https://boardgamegeek.com/boardgame/155969/harbour
Hardback|https://boardgamegeek.com/boardgame/223750/hardback
Harry Potter Hogwarts Lego|https://boardgamegeek.com/boardgame/67436/harry-potter-hogwarts
Harry Potter Trivia|https://boardgamegeek.com/boardgame/5750/harry-potter-and-sorcerers-stone-trivia-game
Harvest Dice|https://boardgamegeek.com/boardgame/231280/harvest-dice
Haspelknecht|https://boardgamegeek.com/boardgame/169794
Hawaii|https://boardgamegeek.com/boardgame/106217
Healthy Heart Hospital|https://boardgamegeek.com/boardgame/186721
Heckmeck Barbecue|https://boardgamegeek.com/boardgame/66798
Heckmeck Junior|https://boardgamegeek.com/boardgame/66797
Hengist|https://boardgamegeek.com/boardgame/182875
Herbaceous|https://boardgamegeek.com/boardgame/195314/herbaceous
HeroQuest|https://boardgamegeek.com/boardgame/699
Heroscape Marvel: The Conflict Begins|https://boardgamegeek.com/boardgame/24703
Heroscape Master Set: Battle for the Underdark|https://boardgamegeek.com/boardgame/54361
Heroscape Master Set: Rise of the Valkyrie|https://boardgamegeek.com/boardgame/11170
Heroscape Master Set: Swarm of the Marro|https://boardgamegeek.com/boardgame/27976
"Hey, That's My Fish!"|https://boardgamegeek.com/boardgame/8203
High Frontier (3rd edition)|https://boardgamegeek.com/boardgame/172737
Hisss|https://boardgamegeek.com/boardgame/7708
hit the deck|https://boardgamegeek.com/boardgame/6711/hit-deck
Hive|https://boardgamegeek.com/boardgame/2655
Hive Pocket|https://boardgamegeek.com/boardgame/154597/hive-pocket
Homesteaders|https://boardgamegeek.com/boardgame/26566
Honeycombs|https://boardgamegeek.com/boardgame/199913/honeycombs
Honshu|https://boardgamegeek.com/boardgame/207336
Hordes: High Command|https://boardgamegeek.com/boardgame/138105/hordes-high-command
HUE|https://boardgamegeek.com/boardgame/159143/hue
Hungry Hungry Hippos|https://boardgamegeek.com/boardgame/5895/hungry-hungry-hippos
Hyperborea|https://boardgamegeek.com/boardgame/119788/hyperborea
I Spy Rhyme-A-Thon|https://boardgamegeek.com/boardgame/16587/i-spy-rhyme-thon
Ice Cool|https://boardgamegeek.com/boardgame/177524/ice-cool
Ice Flow|https://boardgamegeek.com/boardgame/31133
Imaginiff|https://boardgamegeek.com/boardgame/2750/imaginiff
Imperial 2030|https://boardgamegeek.com/boardgame/54138
Imperial Harvest|https://boardgamegeek.com/boardgame/166767/imperial-harvest
Imperial Settlers|https://boardgamegeek.com/boardgame/154203/imperial-settlers
Import / Export|https://boardgamegeek.com/boardgame/217776
Impulse|https://boardgamegeek.com/boardgame/144239/impulse
In a Pickle|https://boardgamegeek.com/boardgame/12205/pickle
India Rails|https://boardgamegeek.com/boardgame/2455
Indian Summer|https://boardgamegeek.com/boardgame/233678
Infidel|https://boardgamegeek.com/boardgame/62225
Infiltration|https://boardgamegeek.com/boardgame/118063/android-infiltration
Infinity Dungeon: Peril without End|https://boardgamegeek.com/boardgame/125549
Ingenious |https://boardgamegeek.com/boardgame/9674/ingenious
Ingenious Challenges|https://boardgamegeek.com/boardgame/71099
Innovation|https://boardgamegeek.com/boardgame/63888/innovation
Innovation: Echoes of the Past|https://boardgamegeek.com/boardgameexpansion/92898/innovation-echoes-past
Ion|https://boardgamegeek.com/boardgame/174083/ion
Iota|https://boardgamegeek.com/boardgame/119632/iota
Iron Dragon|https://boardgamegeek.com/boardgame/130/iron-dragon
Isla Dorada|https://boardgamegeek.com/boardgame/68182/isla-dorada
Isle of Skye: From Chieftain to King|https://boardgamegeek.com/boardgame/176494/isle-skye-chieftain-king
Istanbul|https://boardgamegeek.com/boardgame/148949/istanbul
JÃ³rvÃ­k|https://boardgamegeek.com/boardgame/193739
Jaipur|https://boardgamegeek.com/boardgame/54043/jaipur
Jamaica|https://boardgamegeek.com/boardgame/28023
Jambo|https://boardgamegeek.com/boardgame/12002
Java|https://boardgamegeek.com/boardgame/855
Jenga|https://boardgamegeek.com/boardgame/2452/jenga
Jenga: Tetris|https://boardgamegeek.com/boardgame/145259/jenga-tetris
Jericho|https://boardgamegeek.com/boardgame/21709/jericho
Johari|https://boardgamegeek.com/boardgame/161965
John Company|https://boardgamegeek.com/boardgame/211716
Jórvík|https://boardgamegeek.com/boardgame/193739
Jungle Speed|https://boardgamegeek.com/boardgame/8098/jungle-speed
Junk Art|https://boardgamegeek.com/boardgame/193042/junk-art
Junk In My Trunk|none
K2|https://boardgamegeek.com/boardgame/73761
Kanban: Automotive Revolution|https://boardgamegeek.com/boardgame/109276
KaosBall|https://boardgamegeek.com/boardgame/139992/kaosball-fantasy-sport-total-domination
Karuba|https://boardgamegeek.com/boardgame/183251
Kazink|https://boardgamegeek.com/boardgame/17284/kazink
Kemet|https://boardgamegeek.com/boardgame/127023
Kensington|https://boardgamegeek.com/boardgame/2197/kensington
Keyflower|https://boardgamegeek.com/boardgame/122515/keyflower
Khet 2.0 Laser Game|https://boardgamegeek.com/boardgame/91034/laser-chess
Killer Bunnies|https://boardgamegeek.com/boardgame/3699/killer-bunnies-and-quest-magic-carrot
King Chocolate|https://boardgamegeek.com/boardgame/173649
King of Beasts *traded away|https://boardgamegeek.com/boardgameversion/50128/english-first-edition
King of New York|https://boardgamegeek.com/boardgame/160499/king-new-york
King of Tokyo|https://boardgamegeek.com/boardgame/70323/king-tokyo
King Oil|https://boardgamegeek.com/boardgame/2608
Kingdom Builder|https://boardgamegeek.com/boardgame/107529/kingdom-builder
Kingdom Death: Monster|https://boardgamegeek.com/boardgame/55690/kingdom-death-monster
Kingdomino|https://boardgamegeek.com/boardgame/204583
Kingdomino -Giant Version|none
Kings Road|https://boardgamegeek.com/boardgame/216974/kings-road
Kingsburg|https://boardgamegeek.com/boardgame/27162
Knit Wit|https://boardgamegeek.com/boardgame/191982
Kodama: The Tree Spirits|https://boardgamegeek.com/boardgame/181810
Koi Pond|https://boardgamegeek.com/boardgame/141419/koi-pond-coy-card-game
Krakatoa|https://boardgamegeek.com/boardgame/1306/krakatoa
La Boca|https://boardgamegeek.com/boardgame/136280
La Granja|https://boardgamegeek.com/boardgame/146886
La Granja: No Siesta|https://boardgamegeek.com/boardgame/195528
La Isla|https://boardgamegeek.com/boardgame/154246
Labyrinth Treasure Hunt *traded away|https://boardgamegeek.com/boardgame/16153/labyrinth-treasure-hunt
"Labyrinth: The War on Terror, 2001 – ?"|https://boardgamegeek.com/boardgame/62227
Lagoon: Land of Druids|https://boardgamegeek.com/boardgame/152053/lagoon-land-druids
Lancaster|https://boardgamegeek.com/boardgame/96913
Lanterns: The Harvest Festival|https://boardgamegeek.com/boardgame/160851
Las Vegas|https://boardgamegeek.com/boardgame/117959/las-vegas
Last Night on Earth|https://boardgamegeek.com/boardgame/29368/last-night-earth-zombie-game
Last Will|https://boardgamegeek.com/boardgame/97842
LCR Dice|https://boardgamegeek.com/boardgame/3522/lcr
Le Boomb!|https://boardgamegeek.com/boardgame/50849
Le Havre|https://boardgamegeek.com/boardgame/35677/le-havre
Le Havre: The Inland Port|https://boardgamegeek.com/boardgame/129051
Leaving Earth|https://boardgamegeek.com/boardgame/173064
Legacy: Gears of Time|https://boardgamegeek.com/boardgame/119781
Legend of the Five Rings LCG|https://boardgamegeek.com/boardgame/184151/legend-five-rings-card-game
Legendary Encounters: Aliens|https://boardgamegeek.com/boardgame/146652/legendary-encounters-alien-deck-building-game
Legendary Encounters: An Alien Deck Building Game|https://boardgamegeek.com/boardgame/146652
Legendary Encounters: Predator|https://boardgamegeek.com/boardgame/174570/legendary-encounters-predator-deck-building-game
Legendary: a Marvel Deck Building Game|https://boardgamegeek.com/boardgame/129437/legendary-marvel-deck-building-game
Legends of Andor|https://boardgamegeek.com/boardgame/127398
Letter Tycoon|https://boardgamegeek.com/boardgame/169147/letter-tycoon
Letters from Whitechapel|https://boardgamegeek.com/boardgame/59959/letters-whitechapel
Lewis & Clark|https://boardgamegeek.com/boardgame/140620/lewis-clark
Liar's Dice|https://boardgamegeek.com/boardgame/45
Libertalia|https://boardgamegeek.com/boardgame/125618/libertalia
Liberty or Death: The American Insurrection|https://boardgamegeek.com/boardgame/165872
Life|https://boardgamegeek.com/boardgame/2921/game-of-life
Lignum|https://boardgamegeek.com/boardgame/174155
Lignum (second edition)|https://boardgamegeek.com/boardgame/222407
Limes|https://boardgamegeek.com/boardgame/153623/limes
Locomotive Werks|https://boardgamegeek.com/boardgame/3828
Loop Inc.|https://boardgamegeek.com/boardgame/163027
Loopin' Chewie|https://boardgamegeek.com/boardgame/173341
Loopin' Louie|https://boardgamegeek.com/boardgame/327
Loot|https://boardgamegeek.com/boardgame/770/loot
Lord of th Rings Confrontation|https://boardgamegeek.com/boardgame/3201/lord-rings-confrontation
Lord of the Fries|https://boardgamegeek.com/boardgame/1536/lord-fries
Lord of the Rings Deck Building Game|https://boardgamegeek.com/boardgame/77423/lord-rings-card-game
Lords of Scotland|https://boardgamegeek.com/boardgame/67888
Lords of Waterdeep|https://boardgamegeek.com/boardgame/110327/lords-waterdeep
Lost Cities|https://boardgamegeek.com/boardgame/50/lost-cities
Lost Cities: The Board Game|https://boardgamegeek.com/boardgame/42487
Lost Expedition|https://boardgamegeek.com/boardgame/216459/lost-expedition
Lost in R'lyeh|https://boardgamegeek.com/boardgame/197707/lost-rlyeh
Lotus|https://boardgamegeek.com/boardgame/198525
Love Letter|https://boardgamegeek.com/boardgame/129622/love-letter
Love Letter: Batman|https://boardgamegeek.com/boardgame/168584
Love Letter: Hobbit|https://boardgamegeek.com/boardgame/169611/love-letter-hobbit-battle-five-armies
Love Letter: Kania Factory Ltd Ed|https://boardgamegeek.com/boardgame/196326/love-letter-premium
Lovecraft Letter|https://boardgamegeek.com/boardgame/198740/lovecraft-letter
Luchador! Mexican Wrestling Dice|https://boardgamegeek.com/boardgame/143075
MÃ¼ & Lots More|https://boardgamegeek.com/boardgame/32928
Machi Koro|https://boardgamegeek.com/boardgame/143884
Madeira|https://boardgamegeek.com/boardgame/95527
Mage Knight|https://boardgamegeek.com/boardgame/96848/mage-knight-board-game
Mage Wars|https://boardgamegeek.com/boardgame/101721/mage-wars-arena
Magic Maze|https://boardgamegeek.com/boardgame/209778
Magnate|https://boardgamegeek.com/boardgame/41090
Maharani|https://boardgamegeek.com/boardgame/118402
Mahjong|https://boardgamegeek.com/boardgame/2093/mahjong
Mamma Mia!|https://boardgamegeek.com/boardgame/49
Mamma Mia! Plus|https://boardgamegeek.com/boardgame/41239
Manhattan Project|https://boardgamegeek.com/boardgame/63628/manhattan-project
Manhattan Project Chain Reaction|https://boardgamegeek.com/boardgame/177249/manhattan-project-chain-reaction
Mansions of Madness 1st Ed|https://boardgamegeek.com/boardgame/83330/mansions-madness
Mansions of Madness 2nd Edition|https://boardgamegeek.com/boardgame/205059/mansions-madness-second-edition
Maria|https://boardgamegeek.com/boardgame/40354
Marrakech |https://boardgamegeek.com/boardgame/29223/marrakech
Martian Dice|https://boardgamegeek.com/boardgame/99875/martian-dice
Martian Rails|https://boardgamegeek.com/boardgame/42929
Martians!!!|https://boardgamegeek.com/boardgame/40416/martians
Marvel Dice Masters: Avengers vs. X-Men|https://boardgamegeek.com/boardgame/148575
Marvel Legendary|https://boardgamegeek.com/boardgame/129437/legendary-marvel-deck-building-game
Masons|https://boardgamegeek.com/boardgame/21791
Master Labyrinth|https://boardgamegeek.com/boardgame/437
Master Plan|https://boardgamegeek.com/boardgame/129971
Masters Gallery|https://boardgamegeek.com/boardgame/40381
Math Fluxx|https://boardgamegeek.com/boardgame/219430
MBT (second edition)|https://boardgamegeek.com/boardgame/157323
Medici Card Game|https://boardgamegeek.com/boardgame/202288/medici-card-game
Medici vs Strozzi|https://boardgamegeek.com/boardgame/24762
Memoir '44|https://boardgamegeek.com/boardgame/10630
Mercante|https://boardgamegeek.com/boardgame/122890/mercante
Merchants & Marauders|https://boardgamegeek.com/boardgame/25292
Merkator|https://boardgamegeek.com/boardgame/39684/merkator
Metro|https://boardgamegeek.com/boardgame/559
Mexica|https://boardgamegeek.com/boardgame/2955
Mice and Mystics|https://boardgamegeek.com/boardgame/124708/mice-and-mystics
Middle-Earth Quest|https://boardgamegeek.com/boardgame/31563/middle-earth-quest
Mille Bornes |https://boardgamegeek.com/boardgame/590/mille-bornes
Millennium Blades|https://boardgamegeek.com/boardgame/151347
MindTrap|https://boardgamegeek.com/boardgame/1923
MindTrap II|https://boardgamegeek.com/boardgame/5425
Minecraft Card Game?|https://boardgamegeek.com/boardgame/186265/minecraft-card-game
Mint Works|https://boardgamegeek.com/boardgame/200077/mint-works
Mixies|https://boardgamegeek.com/boardgame/19116/mixies-card-game
Modern Art|https://boardgamegeek.com/boardgame/118
Mombasa|https://boardgamegeek.com/boardgame/172386
Monkeys on the Moon|https://boardgamegeek.com/boardgame/4356
Monopoly  Express|https://boardgamegeek.com/boardgame/1420/monopoly-express
Monopoly Duel|https://boardgamegeek.com/boardgame/17229/monopoly-duel-masters
Monopoly: Free Parking|https://boardgamegeek.com/boardgame/64706/monopoly-free-parking-mini-game
Monopoly: Get out of Jail!|https://boardgamegeek.com/boardgame/64611/monopoly-get-out-jail-mini-game
Monopoly: Spider-Man 3|https://boardgamegeek.com/boardgame/31100/monopoly-spider-man-3
Monopoly: Star Wars|https://boardgamegeek.com/boardgame/1298
Monopoly: Star Wars Limited Collector's Edition|https://boardgamegeek.com/boardgame/26696
Montana|https://boardgamegeek.com/boardgame/233955
Monte Carlo Roulette|https://boardgamegeek.com/boardgame/15549/roulette
Monty Python Fluxx|https://boardgamegeek.com/boardgame/36345
Morels|https://boardgamegeek.com/boardgame/122298
Mosaix|https://boardgamegeek.com/boardgame/55834
Mottainai|https://boardgamegeek.com/boardgame/175199/mottainai
Mow|https://boardgamegeek.com/boardgame/38984
Mr Jack Pocket|https://boardgamegeek.com/boardgame/72287/mr-jack-pocket
Mr. Bacon's Big Adventure|https://boardgamegeek.com/boardgame/51008
Mummy Math|none
Munchkin|https://boardgamegeek.com/boardgame/1927/munchkin
Munchkin Booty|https://boardgamegeek.com/boardgame/31920/munchkin-booty
Munchkin Cthulhu|https://boardgamegeek.com/boardgame/25071
Munchkin Marvel|https://boardgamegeek.com/boardgame/189848/munchkin-marvel
Murano|https://boardgamegeek.com/boardgame/163413
Mutant Chronicles|https://boardgamegeek.com/boardgame/22826/mutant-chronicles-collectible-miniatures-game
My First Carcassonne|https://boardgamegeek.com/boardgame/41010/my-first-carcassonne
My Village|https://boardgamegeek.com/boardgame/172381
My Word!|https://boardgamegeek.com/boardgame/2781/my-word
Myrmes|https://boardgamegeek.com/boardgame/126792
Mysterium|https://boardgamegeek.com/boardgame/181304/mysterium
Mystery Rummy Jack the Ripper|https://boardgamegeek.com/boardgame/106/mystery-rummy-jack-ripper
Mythotopia|https://boardgamegeek.com/boardgame/133632/mythotopia
Nascar monopoly|https://boardgamegeek.com/boardgame/9153/monopoly-nascar
Nations|https://boardgamegeek.com/boardgame/126042/nations
Nations: The Dice Game|https://boardgamegeek.com/boardgame/157809/nations-dice-game
Nature Fluxx|https://boardgamegeek.com/boardgame/18333
Nautilion |https://boardgamegeek.com/boardgame/206084/nautilion
Nautilus Industries|https://boardgamegeek.com/boardgame/158970
Navajo Wars|https://boardgamegeek.com/boardgame/102435
Navegador|https://boardgamegeek.com/boardgame/66589
Near and Far|https://boardgamegeek.com/boardgame/195421
Netrunner|https://boardgamegeek.com/boardgame/1301/netrunner
Neuroshima Hex!|https://boardgamegeek.com/boardgame/21241
Neuroshima Hex! Duel|https://boardgamegeek.com/boardgame/43262
Neuroshima: Convoy|https://boardgamegeek.com/boardgame/120605/neuroshima-convoy
Nevermore|https://boardgamegeek.com/boardgame/173047/nevermore
New Bedford|https://boardgamegeek.com/boardgame/157413
New World: A Carcassonne Game|https://boardgamegeek.com/boardgame/34615
New York Slice|https://boardgamegeek.com/boardgame/208895
Next War: India-Pakistan|https://boardgamegeek.com/boardgame/150761
Next War: Korea|https://boardgamegeek.com/boardgame/69130
Next War: Poland|https://boardgamegeek.com/boardgame/191989
Next War: Taiwan|https://boardgamegeek.com/boardgame/135796
Nexus  Ops|https://boardgamegeek.com/boardgame/15363/nexus-ops
Niagara|https://boardgamegeek.com/boardgame/13308
Ninja Burger|https://boardgamegeek.com/boardgame/8522
Niya|https://boardgamegeek.com/boardgameversion/228763/english-second-edition
NMBR 9|https://boardgamegeek.com/boardgame/217449
NOIR: Deductive Mystery Game|https://boardgamegeek.com/boardgame/102148
Not Alone|https://boardgamegeek.com/boardgame/194879/not-alone
Notre Dame|https://boardgamegeek.com/boardgame/25554
Notre Dame: 10th Anniversary|https://boardgamegeek.com/boardgame/213984
NUT|https://boardgamegeek.com/boardgame/195454/nut
Nyet!|https://boardgamegeek.com/boardgame/1107/nyet
o'no 99|https://boardgamegeek.com/boardgame/7803/ono-99
Oasis|https://boardgamegeek.com/boardgame/9027
Oceania|https://boardgamegeek.com/boardgame/14017
Oddville|https://boardgamegeek.com/boardgame/123219/oddville
Odin’s Ravens 2nd Edition|https://boardgamegeek.com/boardgame/192074/odins-ravens-second-edition
Ogre|https://boardgamegeek.com/boardgame/5206
Oh My Goods!|https://boardgamegeek.com/boardgame/183840/oh-my-goods
Oh My Goods! Longsdale in Revolt|https://boardgamegeek.com/boardgame/209323/oh-my-goods-longsdale-revolt
On the Underground|https://boardgamegeek.com/boardgame/24773
Once Upon a Time: The Storytelling Card Game|https://boardgamegeek.com/boardgame/1234
One Deck Dungeon|https://boardgamegeek.com/boardgame/179275
One Night Revolution |https://boardgamegeek.com/boardgame/176361/one-night-revolution
One Night Ultimate Werewolf|https://boardgamegeek.com/boardgame/147949/one-night-ultimate-werewolf
One Zero One|https://boardgamegeek.com/boardgame/150298
Onirim|https://boardgamegeek.com/boardgame/71836/onirim
Onitama|https://boardgamegeek.com/boardgame/160477/onitama
Operation|https://boardgamegeek.com/boardgame/3737
Ora Et Labora|https://boardgamegeek.com/boardgame/70149/ora-et-labora
ORC|https://boardgamegeek.com/boardgame/192830/orc
Orleans|https://boardgamegeek.com/boardgame/164928/orleans
Orphan Black: The Card Game|https://boardgamegeek.com/boardgame/175221
Outwit|https://boardgamegeek.com/boardgame/4696/outwit
Over and Out|https://boardgamegeek.com/boardgame/19101/over-and-out
Pairs|https://boardgamegeek.com/boardgame/152237
Panamax|https://boardgamegeek.com/boardgame/131287
Pandemic|https://boardgamegeek.com/boardgame/30549/pandemic
Pandemic 1st ed|https://boardgamegeek.com/boardgame/30549/pandemic
Pandemic Contagion |https://boardgamegeek.com/boardgame/157789/pandemic-contagion
Pandemic Iberia|https://boardgamegeek.com/boardgame/198928/pandemic-iberia
Pandemic Legacy: Season 1|https://boardgamegeek.com/boardgame/161936
Pandemic Legacy: Season 2|https://boardgamegeek.com/boardgame/221107
Pandemic On th Brink|https://boardgamegeek.com/boardgame/40849/pandemic-brink
Pandemic the Cure|https://boardgamegeek.com/boardgame/150658/pandemic-cure
Pandemic: Reign of Cthulu|https://boardgamegeek.com/boardgame/192153/pandemic-reign-cthulhu
Pandemic: The Cure|https://boardgamegeek.com/boardgame/150658/pandemic-cure
Panic Station|https://boardgamegeek.com/boardgame/69552/panic-station
Paperback|https://boardgamegeek.com/boardgame/141572/paperback
Parade|https://boardgamegeek.com/boardgame/56692/parade
Pass the Pigs|https://boardgamegeek.com/boardgame/2593
Pastiche|https://boardgamegeek.com/boardgame/91620/pastiche
Patchwork|https://boardgamegeek.com/boardgame/163412/patchwork
Pathfinder Adventure Card Game: Rise of the Runelords – Base Set|https://boardgamegeek.com/boardgame/133038
Paths of Glory|https://boardgamegeek.com/boardgame/91
Pax Renaissance|https://boardgamegeek.com/boardgame/198953
Peanut Butter and Jelly|https://boardgamegeek.com/boardgame/3723/peanut-butter-jelly-card-game
Pecking Order|https://boardgamegeek.com/boardgame/22347/pecking-order
Peloponnes|https://boardgamegeek.com/boardgame/42910
Pendragon: The Fall of Roman Britain|https://boardgamegeek.com/boardgame/193728
Perfect Pitch Tabletop Baseball|none
Perplexus Epic|https://boardgamegeek.com/boardgame/102144
Perry Rhodan: The Cosmic League|https://boardgamegeek.com/boardgame/30367
Phase 10 Dice|https://boardgamegeek.com/boardgame/2578/phase-10-dice
Photosynthesis|https://boardgamegeek.com/boardgame/218603
Pickomino|https://boardgamegeek.com/boardgame/15818
Pictionary|https://boardgamegeek.com/boardgame/2281/pictionary
Pictionary Junior|https://boardgamegeek.com/boardgame/8996/pictionary-junior
Pictomania|https://boardgamegeek.com/boardgame/98229
Pictureka!|https://boardgamegeek.com/boardgame/22889/pictureka
Pictureka! Card Game|https://boardgamegeek.com/boardgame/53317/pictureka-card-game
Pie Face|https://boardgamegeek.com/boardgame/18755/pie-face
Pie Town|https://boardgamegeek.com/boardgame/233976
Piecepack|https://boardgamegeek.com/boardgame/2860
Pillars of Earth|https://boardgamegeek.com/boardgame/24480
Pillars of th Earth Builders Duel|https://boardgamegeek.com/boardgame/40831/pillars-earth-builders-duel
Pirate Fluxx|https://boardgamegeek.com/boardgame/73538
Pirateer|https://boardgamegeek.com/boardgame/386/pirateer
Pirates Cove|https://boardgamegeek.com/boardgame/2987/pirates-cove
Pirates Dice Pirates of the Carribean Dead Man's Chest|https://boardgamegeek.com/boardgame/45/liars-dice
Pit|https://boardgamegeek.com/boardgame/140
Pit Crew|https://boardgamegeek.com/boardgame/218161
Pixel Lincon|https://boardgamegeek.com/boardgame/46245/pixel-lincoln
Pixel Tactics|https://boardgamegeek.com/boardgame/125548/pixel-tactics
Pizza Party|https://boardgamegeek.com/boardgame/716/pizza-party
Plague Inc|https://boardgamegeek.com/boardgame/195162/plague-inc-board-game
Planet Steam|https://boardgamegeek.com/boardgame/23094
Plotz!|https://boardgamegeek.com/boardgame/26682
Pluckin’ Pairs|https://boardgamegeek.com/boardgame/121041/pluckin-pairs
Pocket Ops|https://boardgamegeek.com/boardgame/216234/pocket-ops
Pokemon: Master Trainer|https://boardgamegeek.com/boardgame/1381/pokemon-master-trainer
Poker Tiles|https://boardgamegeek.com/boardgame/21529/poker-tiles-game
Popalotsy|https://boardgamegeek.com/boardgame/221132/popalotsy
Popomatic Trouble|https://boardgamegeek.com/boardgame/1410/trouble
Portobello Market|https://boardgamegeek.com/boardgame/27356
Poseidon|https://boardgamegeek.com/boardgame/76417
Potion Explosion|https://boardgamegeek.com/boardgame/180974/potion-explosion
Power Grid|https://boardgamegeek.com/boardgame/2651/power-grid
Power Grid Card Game|https://boardgamegeek.com/boardgame/203780/power-grid-card-game
Power Grid: Factory Manager|https://boardgamegeek.com/boardgame/44163
Praetor|https://boardgamegeek.com/boardgame/137776/praetor
Prime Time|https://boardgamegeek.com/boardgame/166640
Progress: Evolution of Technology|https://boardgamegeek.com/boardgame/140717/progress-evolution-technology
Prolix|https://boardgamegeek.com/boardgame/39635
Puerto Rico|https://boardgamegeek.com/boardgame/3076/puerto-rico
Puzzle Strike|https://boardgamegeek.com/boardgame/67928/puzzle-strike
Puzzle Strike:Shadows|https://boardgamegeek.com/boardgame/123609/puzzle-strike-shadows
Pyramid Poker|https://boardgamegeek.com/boardgame/213953/pyramid-poker
Quarantine|https://boardgamegeek.com/boardgame/109764/quarantine
Quartett|https://boardgamegeek.com/boardgame/133425/quartett
Queen's Architect|https://boardgamegeek.com/boardgame/172547
Queendomino|https://boardgamegeek.com/boardgame/232043
Quest for the Dungeonmaster|https://boardgamegeek.com/boardgame/6245
Quests of Valeria|https://boardgamegeek.com/boardgame/187680/quests-valeria
Quiddler|https://boardgamegeek.com/boardgame/339
Qwirkle|https://boardgamegeek.com/boardgame/25669
Qwixx|https://boardgamegeek.com/boardgame/131260
Qwixx Deluxe|https://boardgamegeek.com/boardgame/208775/qwixx-deluxe
Race for the Galaxy|https://boardgamegeek.com/boardgame/28143/race-galaxy
Race Through Space|https://boardgamegeek.com/boardgame/1211
Race! Formula 90|https://boardgamegeek.com/boardgame/125752
Raiders of the North Sea|https://boardgamegeek.com/boardgame/170042/raiders-north-sea
Railroad Revolution|https://boardgamegeek.com/boardgame/207691
Rain Forest Card Games|https://boardgamegeek.com/boardgame/13034/rain-forest-card-games
Rallyman|https://boardgamegeek.com/boardgame/60435
Raptor|https://boardgamegeek.com/boardgame/177639/raptor
Rattus|https://boardgamegeek.com/boardgame/42452
Ravenous River|https://boardgamegeek.com/boardgame/188196/ravenous-river
Red November|https://boardgamegeek.com/boardgame/36946/red-november
Red7|https://boardgamegeek.com/boardgame/161417/red7
Redakai|https://boardgamegeek.com/boardgame/98203
Regular Show Fluxx|https://boardgamegeek.com/boardgame/156108
Relic|https://boardgamegeek.com/boardgame/128442/relic
Relic Runners|https://boardgamegeek.com/boardgame/144270
Resistor_|https://boardgamegeek.com/boardgame/169530
Revolution: The Dutch Revolt 1568-1648|https://boardgamegeek.com/boardgame/9215
Ring Toss|https://boardgamegeek.com/boardgame/157170/ring-toss
Risk 40th anniversary|https://boardgamegeek.com/boardgame/23010/risk-40th-anniversary-collectors-edition
Risk Lord of the Rings (1st edition)|https://boardgamegeek.com/boardgame/4324/risk-lord-rings
Risk: Star Wars Edition|https://boardgamegeek.com/boardgame/183880
Risk: The Lord of the Rings Trilogy Edition|https://boardgamegeek.com/boardgame/8107
Risk!|https://boardgamegeek.com/boardgame/181/risk
Risk! & Castle Risk!|https://boardgamegeek.com/boardgame/154432/risk-castle-risk
Ristorante Italia|https://boardgamegeek.com/boardgame/91189/ristorante-italia
Rivet Wars|https://boardgamegeek.com/boardgame/136000/rivet-wars-eastern-front
RNtertainment|https://boardgamegeek.com/boardgame/38319/rntertainment-nclex-review-board-game
Robinson Crusoe: Adventures on the Cursed Island|https://boardgamegeek.com/boardgame/121921/robinson-crusoe-adventures-cursed-island
RoboRally|https://boardgamegeek.com/boardgame/18
Robot Turtles|https://boardgamegeek.com/boardgame/147370/robot-turtles
Rocky Road Ã la Mode|https://boardgamegeek.com/boardgame/200726
Rococo|https://boardgamegeek.com/boardgame/144344
Roll for it!|https://boardgamegeek.com/boardgame/129090/roll-it
Roll For It! Purple Edition|https://boardgamegeek.com/boardgame/129090/roll-it
Roll for the Galaxy|https://boardgamegeek.com/boardgame/132531/roll-galaxy
Roll Through the Ages|https://boardgamegeek.com/boardgame/37380/roll-through-ages-bronze-age
Rollercoaster Tycoon|https://boardgamegeek.com/boardgame/3567/roller-coaster-tycoon
Rolling America|https://boardgamegeek.com/boardgame/180198
Rook|https://boardgamegeek.com/boardgame/1260/rook
Rory's Story Cubes|https://boardgamegeek.com/boardgame/20545
RUM|https://boardgamegeek.com/boardgame/192827/rum
Rumis|https://boardgamegeek.com/boardgame/24568/rumis
Rummikub|https://boardgamegeek.com/boardgame/811/rummikub
Rummy Royal|https://boardgamegeek.com/boardgame/4853/tripoley
"Run, Fight or Die"|https://boardgamegeek.com/boardgame/89910/run-fight-or-die
Runebound 2nd Ed|https://boardgamegeek.com/boardgame/21523/runebound-second-edition
Runewars|https://boardgamegeek.com/boardgame/59294/runewars
Rush Hour: The traffic jam game|https://boardgamegeek.com/boardgame/5082/rush-hour
Russian Railroads|https://boardgamegeek.com/boardgame/144733
Russian Rails|https://boardgamegeek.com/boardgame/9617
Saboteur |https://boardgamegeek.com/boardgame/9220/saboteur
Safranito|https://boardgamegeek.com/boardgame/66849
Sagrada|https://boardgamegeek.com/boardgame/199561/sagrada
Sail to India|https://boardgamegeek.com/boardgame/141736/sail-india
Saint Malo|https://boardgamegeek.com/boardgame/117960
Saint Petersburg|https://boardgamegeek.com/boardgame/9217
Saint Petersburg (second edition)|https://boardgamegeek.com/boardgame/156943
Samurai|https://boardgamegeek.com/boardgame/3
Samurai Sword|https://boardgamegeek.com/boardgame/128667
San Juan|https://boardgamegeek.com/boardgame/8217/san-juan
San Juan (second edition)|https://boardgamegeek.com/boardgame/166669
Sanssouci|https://boardgamegeek.com/boardgame/146816
Santorini|https://boardgamegeek.com/boardgame/194655/santorini
Say Anything|https://boardgamegeek.com/boardgame/33604/say-anything
Scattergories|https://boardgamegeek.com/boardgame/2381/scattergories
Scopa|https://boardgamegeek.com/boardgame/15889
Scotland Yard|https://boardgamegeek.com/boardgame/438/scotland-yard
Scoville|https://boardgamegeek.com/boardgame/145659/scoville
Scrabble|https://boardgamegeek.com/boardgame/320/scrabble
Scrabble Apple|https://boardgamegeek.com/boardgame/40514
Scrabble Express|https://boardgamegeek.com/boardgame/31935/scrabble-express
Scrabble: Slam|https://boardgamegeek.com/boardgame/40508/scrabble-slam
Scribblish *traded away|https://boardgamegeek.com/boardgame/82610/cranium-scribblish
Scythe|https://boardgamegeek.com/boardgame/169786/scythe
Scythe Invaders From Afar|https://boardgamegeek.com/boardgame/199727/scythe-invaders-afar
Scythe The Wind Gambit|https://boardgamegeek.com/boardgame/223555/scythe-wind-gambit
Seasons|https://boardgamegeek.com/boardgame/108745/seasons
Secrets of the Sea|https://boardgamegeek.com/boardgame/26114/secrets-sea
Sector 6 *traded away|https://boardgamegeek.com/boardgame/177844/sector-6
Seeland|https://boardgamegeek.com/boardgame/63759
Sekigahara: The Unification of Japan|https://boardgamegeek.com/boardgame/25021
Sentinels of the Multiverse|https://boardgamegeek.com/boardgame/102652/sentinels-multiverse
Sequence|https://boardgamegeek.com/boardgame/2375/sequence
SET|https://boardgamegeek.com/boardgame/1198
Settlers of Catan|https://boardgamegeek.com/boardgame/38821/settlers-catan-gallery-edition
Settlers of Catan: Traders and Barbarians|https://boardgamegeek.com/boardgame/27760/catan-traders-barbarians
Seven Dragons|https://boardgamegeek.com/boardgame/98085/seven-dragons
Shadowrun: Crossfire|https://boardgamegeek.com/boardgame/135382/shadowrun-crossfire
Shadows Over Camelot|https://boardgamegeek.com/boardgame/15062/shadows-over-camelot
Shahrazad|https://boardgamegeek.com/boardgame/186767/shahrazad
Sharp Shooters|https://boardgamegeek.com/boardgame/1459
Shear Panic|https://boardgamegeek.com/boardgame/18866
Sheriff of Nottingham|https://boardgamegeek.com/boardgame/157969
Sherlock|https://boardgamegeek.com/boardgame/3586
Sherlock Holmes Consulting Detective|https://boardgamegeek.com/boardgame/2511/sherlock-holmes-consulting-detective-thames-murder
SHH|https://boardgamegeek.com/boardgame/164158/shh
Shinobi Clans|https://boardgamegeek.com/boardgame/145086/shinobi-clans
Ships|https://boardgamegeek.com/boardgame/153737
Shipyard|https://boardgamegeek.com/boardgame/55600
Shogun|https://boardgamegeek.com/boardgame/20551/shogun
Shogun Big Box|https://boardgamegeek.com/boardgame/176103/shogun-big-box
Showdown Poker|https://boardgamegeek.com/boardgame/3019/showdown-poker
Shut The Box|https://boardgamegeek.com/boardgame/9851/shut-box
Sid Meier's Civilization: The Boardgame|https://boardgamegeek.com/boardgame/3633
Simply Cosmic|https://boardgamegeek.com/boardgame/1566
Simply Suspects|https://boardgamegeek.com/boardgame/10915/simply-suspects
Skip-Bo|https://boardgamegeek.com/boardgame/1269/skip-bo
Sky Tango|https://boardgamegeek.com/boardgame/126750/sky-tango
Sleeping Queens|https://boardgamegeek.com/boardgame/17053/sleeping-queens
Sleuth|https://boardgamegeek.com/boardgame/594/sleuth
Slide 5|https://boardgamegeek.com/boardgame/31503
Small World|https://boardgamegeek.com/boardgame/40692/small-world
Smash Up|https://boardgamegeek.com/boardgame/122522/smash
Snow Tails|https://boardgamegeek.com/boardgame/38054
Sonar|https://boardgamegeek.com/boardgame/231819/sonar
Sorry Sliders|https://boardgamegeek.com/boardgame/37196/sorry-sliders
Sorry!|https://boardgamegeek.com/boardgame/2407/sorry
SOW|https://boardgamegeek.com/boardgame/192829/sow
Space Alert|https://boardgamegeek.com/boardgame/38453
Space Beans|https://boardgamegeek.com/boardgame/222
Space Cadets: Away Missions|https://boardgamegeek.com/boardgame/124827
Space Empires: 4X|https://boardgamegeek.com/boardgame/84419
Space Estate|https://boardgamegeek.com/boardgame/9058
Space Hulk: Death Angel|https://boardgamegeek.com/boardgame/71721/space-hulk-death-angel-card-game
Space Maze|https://boardgamegeek.com/boardgame/97655
Spaceteam|https://boardgamegeek.com/boardgame/184491/spaceteam
Spam The Dice Game|https://boardgamegeek.com/boardgame/62660
SPANC: Space Pirate Amazon Ninja Catgirls|https://boardgamegeek.com/boardgame/14535
Speed Circuit|https://boardgamegeek.com/boardgame/1194
Spires|https://boardgamegeek.com/boardgame/199908/spires
Spirit Island + Branch and Claw|https://boardgamegeek.com/boardgame/193065
Spirits of the Rice Paddy|https://boardgamegeek.com/boardgame/149119
Splendor|https://boardgamegeek.com/boardgame/148228/splendor
Spooks|https://boardgamegeek.com/boardgame/7989/spooks
SPY|https://boardgamegeek.com/boardgame/9201/spy
Spyfall|https://boardgamegeek.com/boardgame/166384/spyfall
Spyrium|https://boardgamegeek.com/boardgame/137269/spyrium
Square Mile|https://boardgamegeek.com/boardgame/2334
Squint|https://boardgamegeek.com/boardgame/3595/squint
Squint Jr|https://boardgamegeek.com/boardgame/11413/squint-junior
Star Fluxx|https://boardgamegeek.com/boardgame/102104
Star Realms|https://boardgamegeek.com/boardgame/147020/star-realms
Star Realms: Colony Wars|https://boardgamegeek.com/boardgame/182631
Star Trek Panic|https://boardgamegeek.com/boardgame/193737/star-trek-panic
Star Wars: Epic Duels|https://boardgamegeek.com/boardgame/3284
Star Wars: Imperial Assault|https://boardgamegeek.com/boardgame/164153/star-wars-imperial-assault
Star Wars: X-Wing Miniatures Game|https://boardgamegeek.com/boardgame/103885
Starfarers of Catan|https://boardgamegeek.com/boardgame/1897
Stars are Right|https://boardgamegeek.com/boardgame/37696/stars-are-right
Starship Catan|https://boardgamegeek.com/boardgame/2338/starship-catan
Steam|https://boardgamegeek.com/boardgame/27833
Steam Torpedo|https://boardgamegeek.com/boardgame/104575/steam-torpedo-first-contact
Steam: Rails to Riches|https://boardgamegeek.com/boardgame/27833
Steel Wolves: The German Submarine Campaign Against Allied Shipping – Vol 1|https://boardgamegeek.com/boardgame/22359
Stone Age|https://boardgamegeek.com/boardgame/34635
Stratego|https://boardgamegeek.com/boardgame/1917/stratego
Streetcar|https://boardgamegeek.com/boardgame/1597
String Railway|https://boardgamegeek.com/boardgame/76674/string-railway
Stronghold|https://boardgamegeek.com/boardgame/45986
Subdivision|https://boardgamegeek.com/boardgame/155173
Suburbia|https://boardgamegeek.com/boardgame/123260/suburbia
Sugar Gliders|https://boardgamegeek.com/boardgame/112192
Sunken City|https://boardgamegeek.com/boardgame/9021/sunken-city
Sunrise City|https://boardgamegeek.com/boardgame/97357
Super Munchkin|https://boardgamegeek.com/boardgame/16933/super-munchkin
Survive Escape From Atlantis|https://boardgamegeek.com/boardgame/2653/survive-escape-atlantis
Sushi Go Party!|https://boardgamegeek.com/boardgame/192291
Sushi Go!|https://boardgamegeek.com/boardgame/133473/sushi-go
Suspicion|https://boardgamegeek.com/boardgame/204886/suspicion
Sylvion|https://boardgamegeek.com/boardgame/143405/sylvion
T.I.M.E Stories|https://boardgamegeek.com/boardgame/146508
Taboo|https://boardgamegeek.com/boardgame/1111/taboo
Take Off!|https://boardgamegeek.com/boardgame/4558/take
Take the Cake|https://boardgamegeek.com/boardgame/65559
Take the Train|https://boardgamegeek.com/boardgame/33967/take-train
Takenoko|https://boardgamegeek.com/boardgame/70919/takenoko
Tales of the Arabian Nights|https://boardgamegeek.com/boardgame/34119
Talisman 4th ed|https://boardgamegeek.com/boardgame/27627/talisman-revised-4th-edition
Taluva|https://boardgamegeek.com/boardgame/24508
Tammany Hall|https://boardgamegeek.com/boardgame/30645
Targi|https://boardgamegeek.com/boardgame/118048
Tash-Kalar|https://boardgamegeek.com/boardgame/146278/tash-kalar-arena-legends
Techno Witches|https://boardgamegeek.com/boardgame/16373/techno-witches
Telestrations|https://boardgamegeek.com/boardgame/46213/telestrations
Temple Run|https://boardgamegeek.com/boardgame/134477/temple-run-speed-sprint-card-game
Tennis|https://boardgamegeek.com/boardgame/2841/tennis
Tensergi toy|none
Tenzi Dice|https://boardgamegeek.com/boardgame/113819/tenzi
Terra Mystica|https://boardgamegeek.com/boardgame/120677/terra-mystica
Terraforming Mars|https://boardgamegeek.com/boardgame/167791/terraforming-mars
Terror in Meeple City|https://boardgamegeek.com/boardgame/97903/terror-meeple-city
The Adventurers: The Pyramid of Horus|https://boardgamegeek.com/boardgame/98315
The Adventurers: The Temple of Chac|https://boardgamegeek.com/boardgame/43868
The Ares Project|https://boardgamegeek.com/boardgame/65534
The Battle of Five Armies|https://boardgamegeek.com/boardgame/135219/battle-five-armies
The Big Book of Madness|https://boardgamegeek.com/boardgame/171233/big-book-madness
The Bloody Inn|https://boardgamegeek.com/boardgame/180593/bloody-inn
The Builders Middle Ages|https://boardgamegeek.com/boardgame/144553/builders-middle-ages
The Castles of Burgundy|https://boardgamegeek.com/boardgame/84876/castles-burgundy
The Castles of Burgundy: The Card Game|https://boardgamegeek.com/boardgame/191977
The Castles of Burgundy: The Dice Game|https://boardgamegeek.com/boardgame/232988
The Cave|https://boardgamegeek.com/boardgame/129351
The Classic Dungeon|https://boardgamegeek.com/boardgame/1370
The Climbers|https://boardgamegeek.com/boardgame/34297
The Colonists|https://boardgamegeek.com/boardgame/192836
The Downfall of Pompeii|https://boardgamegeek.com/boardgame/13004
The Duke|https://boardgamegeek.com/boardgame/36235
The Gallerist|https://boardgamegeek.com/boardgame/125153
The Game|https://boardgamegeek.com/boardgame/173090
The Game of Life|https://boardgamegeek.com/boardgame/2921
The Game of Life: Twists & Turns|https://boardgamegeek.com/boardgame/28609
The Great Dalmuti |https://boardgamegeek.com/boardgame/929/great-dalmuti
The Great Heartland Hauling Co.|https://boardgamegeek.com/boardgame/111417
The Grizzled|https://boardgamegeek.com/boardgame/171668
The Guns of Gettysburg|https://boardgamegeek.com/boardgame/36400
The Hobbit Deck building game|https://boardgamegeek.com/boardgame/126444/hobbit-card-game
The Hobbit: The Defeat of Smaug|https://boardgamegeek.com/boardgame/2456/hobbit-defeat-smaug
"The Hunters: German U-Boats at War, 1939-43"|https://boardgamegeek.com/boardgame/113873
The Inventors|https://boardgamegeek.com/boardgame/3378/inventors
The King's Abbey|https://boardgamegeek.com/boardgame/159059
The Lord of the Rings: Journey to Mordor|https://boardgamegeek.com/boardgame/175755
The Manhattan Project|https://boardgamegeek.com/boardgame/63628
The Manhattan Project: Energy Empire|https://boardgamegeek.com/boardgame/176734
The Palaces of Carrara|https://boardgamegeek.com/boardgame/129948/palaces-carrara
The Pillars of the Earth: Builders Duel|https://boardgamegeek.com/boardgame/40831
The Puzzling Pyramid|https://boardgamegeek.com/boardgame/53630/puzzling-pyramid
The Red Dragon Inn|https://boardgamegeek.com/boardgame/24310/red-dragon-inn
The Resistance|https://boardgamegeek.com/boardgame/41114/resistance
The Road to Canterbury|https://boardgamegeek.com/boardgame/96792
The Rose King|https://boardgamegeek.com/boardgame/201/rose-king
The Settlers of Catan|https://boardgamegeek.com/boardgame/13
The Stars Are Right|https://boardgamegeek.com/boardgame/37696
the trumpet game|https://boardgamegeek.com/boardgame/352/trumpet
the ungame: Couples version|https://boardgamegeek.com/boardgame/10106/pocket-ungame-couples-version
The Voyages of Marco Polo|https://boardgamegeek.com/boardgame/171623
The Walled City: Londonderry & Borderlands|https://boardgamegeek.com/boardgame/139508
Thebes|https://boardgamegeek.com/boardgame/30869
There's a moose in the house|https://boardgamegeek.com/boardgame/12063/theres-moose-house
Theseus: Dark Orbit|https://boardgamegeek.com/boardgame/144529
Thief's Market|https://boardgamegeek.com/boardgame/182351/thiefs-market
Through the Ages: A Story of Civilization|https://boardgamegeek.com/boardgame/25613
Thunder & Lightning|https://boardgamegeek.com/boardgame/191963/thunder-lightning
Thunder Alley|https://boardgamegeek.com/boardgame/108906
Thunderbolt Apache Leader|https://boardgamegeek.com/boardgame/123955/thunderbolt-apache-leader
Thunderstone Advance: Towers of Ruin|https://boardgamegeek.com/boardgame/116998/thunderstone-advance-towers-ruin
Thurn and Taxis|https://boardgamegeek.com/boardgame/21790
Tichu|https://boardgamegeek.com/boardgame/215
Ticket to Ride|https://boardgamegeek.com/boardgame/9209/ticket-ride
Ticket to Ride Europe|https://boardgamegeek.com/boardgame/14996/ticket-ride-europe
Ticket to Ride: MÃ¤rklin|https://boardgamegeek.com/boardgame/21348
Ticket to Ride: Nordic Countries|https://boardgamegeek.com/boardgame/31627
Ticket to Ride: Rails & Sails|https://boardgamegeek.com/boardgame/202670
Tides of Madness|https://boardgamegeek.com/boardgame/195544/tides-madness
Tier auf Tier: Das Duell|https://boardgamegeek.com/boardgame/39210
Tigris & Euphrates|https://boardgamegeek.com/boardgame/42
Tikal|https://boardgamegeek.com/boardgame/54
Tikal II: The Lost Temple|https://boardgamegeek.com/boardgame/67180
Tiki Topple|https://boardgamegeek.com/boardgame/34373
Timeline: Discoveries|https://boardgamegeek.com/boardgame/99975/timeline-discoveries
Timeline: Diversity|https://boardgamegeek.com/boardgame/131325/timeline-diversity
Timeline: Historical Events|https://boardgamegeek.com/boardgame/113401/timeline-historical-events
Timeline: Inventions|https://boardgamegeek.com/boardgame/85256/timeline-inventions
Timeline: Music and Cinema|https://boardgamegeek.com/boardgame/145189/timeline-music-cinema
Tiny Epic Galaxies|https://boardgamegeek.com/boardgame/163967/tiny-epic-galaxies
Tiny Epic Galaxies Beynd the Black|https://boardgamegeek.com/boardgame/200544/tiny-epic-galaxies-beyond-black
Tiny Epic Kingdoms|https://boardgamegeek.com/boardgame/148951/tiny-epic-kingdoms
Tiny Epic Quest|https://boardgamegeek.com/boardgame/201921/tiny-epic-quest
Tiny Epic Western|https://boardgamegeek.com/boardgame/180852/tiny-epic-western
Tipover|none
Tokaido|https://boardgamegeek.com/boardgame/123540/tokaido
Tomb: Cryptmaster|https://boardgamegeek.com/boardgame/43320/tomb-cryptmaster
Top Dogs|https://boardgamegeek.com/boardgame/17026
Topiary|https://boardgamegeek.com/boardgame/210900
Toss Up|https://boardgamegeek.com/boardgame/14102/toss
Traders of Osaka|https://boardgamegeek.com/boardgame/24827/traders-osaka
Trains|https://boardgamegeek.com/boardgame/121408/trains
Trajan|https://boardgamegeek.com/boardgame/102680/trajan
Trambahn|https://boardgamegeek.com/boardgame/175293
Tramways|https://boardgamegeek.com/boardgame/166571
Trans Europa|https://boardgamegeek.com/boardgame/16267/trans-europa
Travel Blog|https://boardgamegeek.com/boardgame/85105
Travel Blokus|https://boardgamegeek.com/boardgame/16395/blokus-duo
Treasure Mountain|https://boardgamegeek.com/boardgame/178212
Treehouse|https://boardgamegeek.com/boardgame/21955
Tri-Ominos|https://boardgamegeek.com/boardgame/4040
tribond|https://boardgamegeek.com/boardgame/1962/tribond
Tribond: Diamond Edition|https://boardgamegeek.com/boardgame/1962/tribond
Trickerion: Legends of Illusion|https://boardgamegeek.com/boardgame/163068/trickerion-legends-illusion
Triumph & Tragedy|https://boardgamegeek.com/boardgame/130960
Trivial Pursuit 20th Anniversary|https://boardgamegeek.com/boardgame/4492/trivial-pursuit-20th-anniversary-edition
Trivial Pursuit: Genus IV|https://boardgamegeek.com/boardgame/1299
Trouble|https://boardgamegeek.com/boardgame/1410/trouble
Troyes|https://boardgamegeek.com/boardgame/73439
Truck Off! The Food Truck Frenzy|https://boardgamegeek.com/boardgame/217020/truck-food-truck-frenzy
Tsuro|https://boardgamegeek.com/boardgame/16992/tsuro
Tsuro of the Seas|https://boardgamegeek.com/boardgame/124172
Tumblin-Dice|https://boardgamegeek.com/boardgame/16747
turnabout|https://boardgamegeek.com/boardgame/11403/turnabout
Twilight Squabble|https://boardgamegeek.com/boardgame/191364
Twilight Struggle|https://boardgamegeek.com/boardgame/12333
Twister|https://boardgamegeek.com/boardgame/5894/twister
Tzolk'in: The Mayan Calendar|https://boardgamegeek.com/boardgame/126163/tzolk-mayan-calendar
Ubongo|https://boardgamegeek.com/boardgame/16986
Ubongo: Duel|https://boardgamegeek.com/boardgame/34969
Ultimate Werewolf|https://boardgamegeek.com/boardgame/38159/ultimate-werewolf-ultimate-edition
Ultra Tiny Epic Kingdoms|https://boardgamegeek.com/boardgameversion/304620/english-ultra-tiny-edition
Uncle Wiggily|https://boardgamegeek.com/boardgame/3074
Under My Bed|https://boardgamegeek.com/boardgame/194640/under-my-bed
Unearth|https://boardgamegeek.com/boardgame/217085/unearth
Unfair|https://boardgamegeek.com/boardgame/179172/unfair
Unlock! The Formula|https://boardgamegeek.com/boardgame/216091/unlock-formula
Uno|https://boardgamegeek.com/boardgame/2223/uno
Uno Domino|https://boardgamegeek.com/boardgame/3839/uno-dominos
Uno: Rummy Up|https://boardgamegeek.com/boardgame/5522/uno-rummy
upwords|https://boardgamegeek.com/boardgame/1515/upwords
Urban Sprawl|https://boardgamegeek.com/boardgame/62220
Valeria: Card Kingdoms|https://boardgamegeek.com/boardgame/170561/valeria-card-kingdoms
Valley of the Kings|https://boardgamegeek.com/boardgame/150999/valley-kings
Valley of the Kings Afterlife|https://boardgamegeek.com/boardgame/175223/valley-kings-afterlife
Vampire (Reiner Knizia)|https://boardgamegeek.com/boardgame/497/vampire
Vanuatu (second edition)|https://boardgamegeek.com/boardgame/193927
Vegas Wits and Wagers|https://boardgamegeek.com/boardgame/229967/vegas-wits-wagers
Vikings|https://boardgamegeek.com/boardgame/27173
Village|https://boardgamegeek.com/boardgame/104006
Vinhos|https://boardgamegeek.com/boardgame/42052/vinhos
Vinhos Deluxe Edition|https://boardgamegeek.com/boardgame/175640
Virulence|https://boardgamegeek.com/boardgame/202207/virulence-infectious-card-game
Viticulture|https://boardgamegeek.com/boardgame/128621
VivaJava: The Coffee Game: The Dice Game|https://boardgamegeek.com/boardgame/139899
Volle Wolle|https://boardgamegeek.com/boardgame/28037
WÃ¼rfel Bohnanza|https://boardgamegeek.com/boardgame/111148
Walk the Plank!|https://boardgamegeek.com/boardgame/35505
Wallamoppi|https://boardgamegeek.com/boardgame/11412/wallamoppi
Wallenstein|https://boardgamegeek.com/boardgame/3307/wallenstein-first-edition
Walnut Grove|https://boardgamegeek.com/boardgame/103185
War of the Ring|https://boardgamegeek.com/boardgame/9609/war-ring-first-edition
War on Terror|https://boardgamegeek.com/boardgame/24396
Wasabi!|https://boardgamegeek.com/boardgame/33154
Waterworks|https://boardgamegeek.com/boardgame/333
Watson & Holmes |https://boardgamegeek.com/boardgame/182694/watson-holmes
We the People|https://boardgamegeek.com/boardgame/620
What's yours like?|https://boardgamegeek.com/boardgame/27826/whats-yours
Wheel of Fortune|https://boardgamegeek.com/boardgame/4910/wheel-fortune
Whistle Stop|https://boardgamegeek.com/boardgame/221318
Whitehall Mystery|https://boardgamegeek.com/boardgame/190082/whitehall-mystery
Wildcatters|https://boardgamegeek.com/boardgame/146910
Wilde Wikinger Machen Fette Beute|https://boardgamegeek.com/boardgame/59224
Wings of War: Watch Your Back!|https://boardgamegeek.com/boardgame/9910
Winner's Circle|https://boardgamegeek.com/boardgame/1382
Wise and Otherwise|https://boardgamegeek.com/boardgame/2652
Wits & Wagers Party|https://boardgamegeek.com/boardgame/123239/wits-wagers-party
Wits and Wagers|https://boardgamegeek.com/boardgame/20100/wits-wagers
Wok Star|https://boardgamegeek.com/boardgame/71655/wok-star
Word on the Street |https://boardgamegeek.com/boardgame/40990/word-street
World of Smog: On Her Majesties Service|https://boardgamegeek.com/boardgame/168433/world-smog-her-majestys-service
World War 5|https://boardgamegeek.com/boardgame/39565
world wise|https://boardgamegeek.com/boardgame/28092/world-wise-american-edition
World’s Fair 1893|https://boardgamegeek.com/boardgame/178336/worlds-fair-1893
would you rather?|https://boardgamegeek.com/boardgame/677/would-you-rather
Wrong Chemistry|https://boardgamegeek.com/boardgame/79068
Wurfel Bohnanza|https://boardgamegeek.com/boardgame/111148/wurfel-bohnanza
Wyatt Earp|https://boardgamegeek.com/boardgame/878
XCOM the Board Game|https://boardgamegeek.com/boardgame/163602/xcom-board-game
Xenoshyft: Onslaught|https://boardgamegeek.com/boardgame/159109/xenoshyft-onslaught
Xia: Legends of a Drift System|https://boardgamegeek.com/boardgame/82222
Yahtzee|https://boardgamegeek.com/boardgame/2243/yahtzee
Yamataï|https://boardgamegeek.com/boardgame/213893
Yashima: Legend of the Kami Masters|https://boardgamegeek.com/boardgame/163175/yashima-legend-kami-masters
Yggdrasil|https://boardgamegeek.com/boardgame/71671/yggdrasil
Yokohama|https://boardgamegeek.com/boardgame/196340/yokohama
Zathura|https://boardgamegeek.com/boardgame/19560/zathura-adventure-waiting
Zeus On the Loose|https://boardgamegeek.com/boardgame/22864/zeus-loose
ZhanGuo|https://boardgamegeek.com/boardgame/160495
Zombicide: Black Plague|https://boardgamegeek.com/boardgame/176189/zombicide-black-plague
Zombie State|https://boardgamegeek.com/boardgame/61484/zombie-state-diplomacy-dead
Zoo ver-rÃ¼ckt|https://boardgamegeek.com/boardgame/21638
Zooloretto|https://boardgamegeek.com/boardgame/27588
Zpocalypse|https://boardgamegeek.com/boardgame/108665/zpocalypse